channel,mean,median,p95,p99,min,max,stddev,n
live,3.2515219880576103,3.253,3.927,3.986,2.5,4,0.43348689507804383,56940
