channel,mean,median,p95,p99,min,max,stddev,n
live,5.000776150333757,5.0024999999999995,5.904,5.98,4,6,0.5763491474021033,56940
